Language, Flag Name, Flag Image Src
Translingual, Earth flag PD, http://upload.wikimedia.org/wikipedia/commons/thumb/f/f3/Earth_flag_PD.jpg/45px-Earth_flag_PD.jpg
English, English language, http://upload.wikimedia.org/wikipedia/commons/thumb/0/0b/English_language.svg/45px-English_language.svg.png
Abenaki, Flag of Western Abenaki, http://upload.wikimedia.org/wikipedia/commons/thumb/f/fb/Flag_of_Western_Abenaki.svg/45px-Flag_of_Western_Abenaki.svg.png
Abkhaz, Flag of the Republic of Abkhazia, http://upload.wikimedia.org/wikipedia/commons/thumb/7/7a/Flag_of_the_Republic_of_Abkhazia.svg/45px-Flag_of_the_Republic_of_Abkhazia.svg.png
Acehnese, Flag of Aceh Sultanate, http://upload.wikimedia.org/wikipedia/commons/thumb/d/d8/Flag_of_Aceh_Sultanate.svg/45px-Flag_of_Aceh_Sultanate.svg.png
Adyghe, Flag of Adygea, http://upload.wikimedia.org/wikipedia/commons/thumb/1/16/Flag_of_Adygea.svg/45px-Flag_of_Adygea.svg.png
Afar, Flag of Djibouti, http://upload.wikimedia.org/wikipedia/commons/thumb/3/34/Flag_of_Djibouti.svg/45px-Flag_of_Djibouti.svg.png
Afrikaans, Flag of South Africa (1928–1994), http://upload.wikimedia.org/wikipedia/commons/thumb/7/77/Flag_of_South_Africa_%281928%E2%80%931994%29.svg/45px-Flag_of_South_Africa_%281928%E2%80%931994%29.svg.png
Akan, Flag of Ghana, http://upload.wikimedia.org/wikipedia/commons/thumb/1/19/Flag_of_Ghana.svg/45px-Flag_of_Ghana.svg.png
Akkala Sami, Sami flag, http://upload.wikimedia.org/wikipedia/commons/thumb/1/1b/Sami_flag.svg/45px-Sami_flag.svg.png
Alabama, Flag of the Alabama-Coushatta Tribe of Texas, http://upload.wikimedia.org/wikipedia/commons/thumb/7/7f/Flag_of_the_Alabama-Coushatta_Tribe_of_Texas.svg/45px-Flag_of_the_Alabama-Coushatta_Tribe_of_Texas.svg.png
Albanian, Flag of Albania, http://upload.wikimedia.org/wikipedia/commons/thumb/3/36/Flag_of_Albania.svg/45px-Flag_of_Albania.svg.png
Alemannic German, Flag of Switzerland (Pantone), http://upload.wikimedia.org/wikipedia/commons/thumb/0/08/Flag_of_Switzerland_%28Pantone%29.svg/45px-Flag_of_Switzerland_%28Pantone%29.svg.png
Aleut, Flag of Alaska, http://upload.wikimedia.org/wikipedia/commons/thumb/e/e6/Flag_of_Alaska.svg/45px-Flag_of_Alaska.svg.png
Algerian Arabic, Flag of Algeria, http://upload.wikimedia.org/wikipedia/commons/thumb/7/77/Flag_of_Algeria.svg/45px-Flag_of_Algeria.svg.png
American Sign Language, Flag of the United States, http://upload.wikimedia.org/wikipedia/commons/thumb/a/a4/Flag_of_the_United_States.svg/45px-Flag_of_the_United_States.svg.png
Amharic, Flag of Ethiopia, http://upload.wikimedia.org/wikipedia/commons/thumb/7/71/Flag_of_Ethiopia.svg/45px-Flag_of_Ethiopia.svg.png
Ancient Greek, Byzantine imperial flag, 14th century, square, http://upload.wikimedia.org/wikipedia/commons/thumb/5/58/Byzantine_imperial_flag%2C_14th_century%2C_square.svg/45px-Byzantine_imperial_flag%2C_14th_century%2C_square.svg.png
Andalusian Arabic, Flag of Al-Andalus, http://upload.wikimedia.org/wikipedia/commons/thumb/3/31/Flag_of_Al-Andalus.svg/45px-Flag_of_Al-Andalus.svg.png
Angevin, Flag of Anjou, http://upload.wikimedia.org/wikipedia/commons/thumb/a/ad/Flag_of_Anjou.svg/45px-Flag_of_Anjou.svg.png
Anguthimri, Flag of Queensland, http://upload.wikimedia.org/wikipedia/commons/thumb/0/04/Flag_of_Queensland.svg/45px-Flag_of_Queensland.svg.png
Arabic, Flag of the Arab League, http://upload.wikimedia.org/wikipedia/commons/thumb/2/2b/Flag_of_the_Arab_League.svg/45px-Flag_of_the_Arab_League.svg.png
Aragonese, Flag of Aragon, http://upload.wikimedia.org/wikipedia/commons/thumb/1/18/Flag_of_Aragon.svg/45px-Flag_of_Aragon.svg.png
Armenian, Flag of Armenia, http://upload.wikimedia.org/wikipedia/commons/thumb/2/2f/Flag_of_Armenia.svg/45px-Flag_of_Armenia.svg.png
Aromanian, Aromanian flag, http://upload.wikimedia.org/wikipedia/commons/thumb/9/97/Aromanian_flag.svg/45px-Aromanian_flag.svg.png
Asturian, Flag of Asturias, http://upload.wikimedia.org/wikipedia/commons/thumb/3/3e/Flag_of_Asturias.svg/45px-Flag_of_Asturias.svg.png
Avar, Khunz Wolf 3b, http://upload.wikimedia.org/wikipedia/commons/thumb/7/77/Khunz_Wolf_3b.svg/45px-Khunz_Wolf_3b.svg.png
Aymara, Flag of Bolivia (state), http://upload.wikimedia.org/wikipedia/commons/thumb/d/de/Flag_of_Bolivia_%28state%29.svg/45px-Flag_of_Bolivia_%28state%29.svg.png
Azerbaijani, Flag of Azerbaijan, http://upload.wikimedia.org/wikipedia/commons/thumb/d/dd/Flag_of_Azerbaijan.svg/45px-Flag_of_Azerbaijan.svg.png
Baharna Arabic, Flag of Bahrain, http://upload.wikimedia.org/wikipedia/commons/thumb/2/2c/Flag_of_Bahrain.svg/45px-Flag_of_Bahrain.svg.png
Balinese, Flag of Bali, http://upload.wikimedia.org/wikipedia/commons/thumb/a/a3/Flag_of_Bali.svg/45px-Flag_of_Bali.svg.png
Bambara, Flag of Mali, http://upload.wikimedia.org/wikipedia/commons/thumb/9/92/Flag_of_Mali.svg/45px-Flag_of_Mali.svg.png
Bashkir, Flag of Bashkortostan, http://upload.wikimedia.org/wikipedia/commons/thumb/3/3d/Flag_of_Bashkortostan.svg/45px-Flag_of_Bashkortostan.svg.png
Basque, Flag of the Basque Country, http://upload.wikimedia.org/wikipedia/commons/thumb/2/2d/Flag_of_the_Basque_Country.svg/45px-Flag_of_the_Basque_Country.svg.png
Bavarian, Flag of Bavaria (lozengy), http://upload.wikimedia.org/wikipedia/commons/thumb/2/20/Flag_of_Bavaria_%28lozengy%29.svg/45px-Flag_of_Bavaria_%28lozengy%29.svg.png
Belarusian, Flag of Belarus, http://upload.wikimedia.org/wikipedia/commons/thumb/8/85/Flag_of_Belarus.svg/45px-Flag_of_Belarus.svg.png
Belizean Creole, Flag of Belize, http://upload.wikimedia.org/wikipedia/commons/thumb/e/e7/Flag_of_Belize.svg/45px-Flag_of_Belize.svg.png
Bengali, Flag of Bangladesh, http://upload.wikimedia.org/wikipedia/commons/thumb/f/f9/Flag_of_Bangladesh.svg/45px-Flag_of_Bangladesh.svg.png
Bislama, Flag of Vanuatu, http://upload.wikimedia.org/wikipedia/commons/thumb/b/bc/Flag_of_Vanuatu.svg/45px-Flag_of_Vanuatu.svg.png
Bolivian Sign Language, Flag of Bolivia (state), http://upload.wikimedia.org/wikipedia/commons/thumb/d/de/Flag_of_Bolivia_%28state%29.svg/45px-Flag_of_Bolivia_%28state%29.svg.png
Bourguignon, Flag of Bourgogne, http://upload.wikimedia.org/wikipedia/commons/thumb/3/3c/Flag_of_Bourgogne.svg/45px-Flag_of_Bourgogne.svg.png
Breton, Flag of Brittany, http://upload.wikimedia.org/wikipedia/commons/thumb/7/7d/Flag_of_Brittany.svg/45px-Flag_of_Brittany.svg.png
Brunei Malay, Flag of Brunei, http://upload.wikimedia.org/wikipedia/commons/thumb/9/9c/Flag_of_Brunei.svg/45px-Flag_of_Brunei.svg.png
Bulgarian, Flag of Bulgaria, http://upload.wikimedia.org/wikipedia/commons/thumb/9/9a/Flag_of_Bulgaria.svg/45px-Flag_of_Bulgaria.svg.png
Burmese, Flag of Myanmar, http://upload.wikimedia.org/wikipedia/commons/thumb/8/8c/Flag_of_Myanmar.svg/45px-Flag_of_Myanmar.svg.png
Buryat, Flag of Buryatia, http://upload.wikimedia.org/wikipedia/commons/thumb/6/68/Flag_of_Buryatia.svg/45px-Flag_of_Buryatia.svg.png
Cameroon Pidgin, Flag of Cameroon, http://upload.wikimedia.org/wikipedia/commons/thumb/4/4f/Flag_of_Cameroon.svg/45px-Flag_of_Cameroon.svg.png
Cantonese, Flag of Hong Kong, http://upload.wikimedia.org/wikipedia/commons/thumb/5/5b/Flag_of_Hong_Kong.svg/45px-Flag_of_Hong_Kong.svg.png
Catalan, Flag of Catalonia, http://upload.wikimedia.org/wikipedia/commons/thumb/c/ce/Flag_of_Catalonia.svg/45px-Flag_of_Catalonia.svg.png
Cavineña, Flag of Beni, http://upload.wikimedia.org/wikipedia/commons/thumb/7/70/Flag_of_Beni.svg/45px-Flag_of_Beni.svg.png
Cebuano, Flag of Cebu (province), http://upload.wikimedia.org/wikipedia/commons/thumb/1/11/Flag_of_Cebu_%28province%29.svg/45px-Flag_of_Cebu_%28province%29.svg.png
Central Kurdish, Flag of Kurdistan, http://upload.wikimedia.org/wikipedia/commons/thumb/3/35/Flag_of_Kurdistan.svg/45px-Flag_of_Kurdistan.svg.png
Chamorro, Flag of Guam, http://upload.wikimedia.org/wikipedia/commons/thumb/0/07/Flag_of_Guam.svg/45px-Flag_of_Guam.svg.png
Champenois, Flag of Champagne-Ardenne, http://upload.wikimedia.org/wikipedia/commons/thumb/f/f1/Flag_of_Champagne-Ardenne.svg/45px-Flag_of_Champagne-Ardenne.svg.png
Chechen, Flag of the Chechen Republic, http://upload.wikimedia.org/wikipedia/commons/thumb/1/13/Flag_of_the_Chechen_Republic.svg/45px-Flag_of_the_Chechen_Republic.svg.png
Cherokee, Flag of the Cherokee Nation, http://upload.wikimedia.org/wikipedia/commons/thumb/4/4d/Flag_of_the_Cherokee_Nation.svg/45px-Flag_of_the_Cherokee_Nation.svg.png
Chickasaw, Flag of the Chickasaw Nation, http://upload.wikimedia.org/wikipedia/commons/thumb/7/74/Flag_of_the_Chickasaw_Nation.svg/45px-Flag_of_the_Chickasaw_Nation.svg.png
Chinese, Flag of the People's Republic of China, http://upload.wikimedia.org/wikipedia/commons/thumb/f/fa/Flag_of_the_People%27s_Republic_of_China.svg/45px-Flag_of_the_People%27s_Republic_of_China.svg.png
Choctaw, ChoctawFlag, http://upload.wikimedia.org/wikipedia/commons/thumb/2/2b/ChoctawFlag.png/45px-ChoctawFlag.png
Chuukese, Flag of Chuuk, http://upload.wikimedia.org/wikipedia/commons/thumb/5/55/Flag_of_Chuuk.svg/45px-Flag_of_Chuuk.svg.png
Chuvash, Flag of Chuvashia, http://upload.wikimedia.org/wikipedia/commons/thumb/d/d7/Flag_of_Chuvashia.svg/45px-Flag_of_Chuvashia.svg.png
Cornish, Flag of Cornwall, http://upload.wikimedia.org/wikipedia/commons/thumb/b/b8/Flag_of_Cornwall.svg/45px-Flag_of_Cornwall.svg.png
Corsican, Flag of Corsica, http://upload.wikimedia.org/wikipedia/commons/thumb/7/7c/Flag_of_Corsica.svg/45px-Flag_of_Corsica.svg.png
Creek, Flag of the Muskogee Nation, http://upload.wikimedia.org/wikipedia/commons/thumb/b/b3/Flag_of_the_Muskogee_Nation.PNG/45px-Flag_of_the_Muskogee_Nation.PNG
Crimean Tatar, Flag of the Crimean Tatar people, http://upload.wikimedia.org/wikipedia/commons/thumb/0/08/Flag_of_the_Crimean_Tatar_people.svg/45px-Flag_of_the_Crimean_Tatar_people.svg.png
Cuban Sign Language, Flag of Cuba, http://upload.wikimedia.org/wikipedia/commons/thumb/b/bd/Flag_of_Cuba.svg/45px-Flag_of_Cuba.svg.png
Czech, Flag of the Czech Republic, http://upload.wikimedia.org/wikipedia/commons/thumb/c/cb/Flag_of_the_Czech_Republic.svg/45px-Flag_of_the_Czech_Republic.svg.png
Dalmatian, Flag of Kingdom of Dalmatia (1852-1860), http://upload.wikimedia.org/wikipedia/commons/thumb/2/2f/Flag_of_Kingdom_of_Dalmatia_%281852-1860%29.svg/45px-Flag_of_Kingdom_of_Dalmatia_%281852-1860%29.svg.png
Danish, Flag of Denmark, http://upload.wikimedia.org/wikipedia/commons/thumb/9/9c/Flag_of_Denmark.svg/45px-Flag_of_Denmark.svg.png
Dhivehi, Flag of Maldives, http://upload.wikimedia.org/wikipedia/commons/thumb/0/0f/Flag_of_Maldives.svg/45px-Flag_of_Maldives.svg.png
Dogrib, Flag of the Northwest Territories, http://upload.wikimedia.org/wikipedia/commons/thumb/c/c1/Flag_of_the_Northwest_Territories.svg/45px-Flag_of_the_Northwest_Territories.svg.png
Dutch, Flag of the Netherlands, http://upload.wikimedia.org/wikipedia/commons/thumb/2/20/Flag_of_the_Netherlands.svg/45px-Flag_of_the_Netherlands.svg.png
Dzongkha, Flag of Bhutan, http://upload.wikimedia.org/wikipedia/commons/thumb/9/91/Flag_of_Bhutan.svg/45px-Flag_of_Bhutan.svg.png
Eastern Mari, Flag of Mari El, http://upload.wikimedia.org/wikipedia/commons/thumb/a/a7/Flag_of_Mari_El.svg/45px-Flag_of_Mari_El.svg.png
Egyptian Arabic, Flag of Egypt, http://upload.wikimedia.org/wikipedia/commons/thumb/f/fe/Flag_of_Egypt.svg/45px-Flag_of_Egypt.svg.png
Emilian, Flag of Bologna 2, http://upload.wikimedia.org/wikipedia/commons/thumb/1/1f/Flag_of_Bologna_2.png/45px-Flag_of_Bologna_2.png
Erzya, Erzya Flag, http://upload.wikimedia.org/wikipedia/commons/thumb/2/28/Erzya_Flag.svg/45px-Erzya_Flag.svg.png
Esperanto, Flag of Esperanto, http://upload.wikimedia.org/wikipedia/commons/thumb/f/f5/Flag_of_Esperanto.svg/45px-Flag_of_Esperanto.svg.png
Estonian, Flag of Estonia, http://upload.wikimedia.org/wikipedia/commons/thumb/8/8f/Flag_of_Estonia.svg/45px-Flag_of_Estonia.svg.png
Evenki, Flag of Evenks, http://upload.wikimedia.org/wikipedia/commons/thumb/7/72/Flag_of_Evenks.svg/45px-Flag_of_Evenks.svg.png
Ewe, Flag of the Ewe people, http://upload.wikimedia.org/wikipedia/commons/thumb/b/b8/Flag_of_the_Ewe_people.svg/45px-Flag_of_the_Ewe_people.svg.png
Extremaduran, Flag of Extremadura, Spain (with coat of arms), http://upload.wikimedia.org/wikipedia/commons/thumb/1/13/Flag_of_Extremadura%2C_Spain_%28with_coat_of_arms%29.svg/45px-Flag_of_Extremadura%2C_Spain_%28with_coat_of_arms%29.svg.png
Fala, Bandera de Valverde del Fresno (Cáceres), http://upload.wikimedia.org/wikipedia/commons/thumb/b/b7/Bandera_de_Valverde_del_Fresno_%28C%C3%A1ceres%29.svg/45px-Bandera_de_Valverde_del_Fresno_%28C%C3%A1ceres%29.svg.png
Faroese, Flag of the Faroe Islands, http://upload.wikimedia.org/wikipedia/commons/thumb/3/3c/Flag_of_the_Faroe_Islands.svg/45px-Flag_of_the_Faroe_Islands.svg.png
Fijian, Flag of Fiji, http://upload.wikimedia.org/wikipedia/commons/thumb/b/ba/Flag_of_Fiji.svg/45px-Flag_of_Fiji.svg.png
Finnish, Flag of Finland, http://upload.wikimedia.org/wikipedia/commons/thumb/b/bc/Flag_of_Finland.svg/45px-Flag_of_Finland.svg.png
Forest Nenets, Flag of Nenets Autonomous District, http://upload.wikimedia.org/wikipedia/commons/thumb/1/15/Flag_of_Nenets_Autonomous_District.svg/45px-Flag_of_Nenets_Autonomous_District.svg.png
Franc-Comtois, Flag of Franche-Comté, http://upload.wikimedia.org/wikipedia/commons/thumb/9/96/Flag_of_Franche-Comt%C3%A9.svg/45px-Flag_of_Franche-Comt%C3%A9.svg.png
Franco-Provençal, Flag of Valle d'Aosta, http://upload.wikimedia.org/wikipedia/commons/thumb/9/90/Flag_of_Valle_d%27Aosta.svg/45px-Flag_of_Valle_d%27Aosta.svg.png
French, Flag of France, http://upload.wikimedia.org/wikipedia/commons/thumb/c/c3/Flag_of_France.svg/45px-Flag_of_France.svg.png
Friulian, Bandiere dal Friûl, http://upload.wikimedia.org/wikipedia/commons/thumb/8/87/Bandiere_dal_Fri%C3%BBl.svg/45px-Bandiere_dal_Fri%C3%BBl.svg.png
Gagauz, Flag of Gagauzia, http://upload.wikimedia.org/wikipedia/commons/thumb/6/69/Flag_of_Gagauzia.svg/45px-Flag_of_Gagauzia.svg.png
Galician, Flag of Galicia, http://upload.wikimedia.org/wikipedia/commons/thumb/6/64/Flag_of_Galicia.svg/45px-Flag_of_Galicia.svg.png
Gallo, Flag of Brittany, http://upload.wikimedia.org/wikipedia/commons/thumb/7/7d/Flag_of_Brittany.svg/45px-Flag_of_Brittany.svg.png
Garhwali, Flag of the Princely State of Tehri Garhwal, http://upload.wikimedia.org/wikipedia/commons/thumb/7/7d/Flag_of_the_Princely_State_of_Tehri_Garhwal.svg/45px-Flag_of_the_Princely_State_of_Tehri_Garhwal.svg.png
Garifuna, Flag of Garifuna, http://upload.wikimedia.org/wikipedia/commons/thumb/b/b1/Flag_of_Garifuna.svg/45px-Flag_of_Garifuna.svg.png
Georgian, Flag of Georgia, http://upload.wikimedia.org/wikipedia/commons/thumb/0/0f/Flag_of_Georgia.svg/45px-Flag_of_Georgia.svg.png
German, Flag of Germany, http://upload.wikimedia.org/wikipedia/commons/thumb/b/ba/Flag_of_Germany.svg/45px-Flag_of_Germany.svg.png
Gilbertese, Flag of Kiribati, http://upload.wikimedia.org/wikipedia/commons/thumb/d/d3/Flag_of_Kiribati.svg/45px-Flag_of_Kiribati.svg.png
Greek, Flag of Greece, http://upload.wikimedia.org/wikipedia/commons/thumb/5/5c/Flag_of_Greece.svg/45px-Flag_of_Greece.svg.png
Greenlandic, Flag of Greenland, http://upload.wikimedia.org/wikipedia/commons/thumb/0/09/Flag_of_Greenland.svg/45px-Flag_of_Greenland.svg.png
Guaraní, Flag of Paraguay, http://upload.wikimedia.org/wikipedia/commons/thumb/2/27/Flag_of_Paraguay.svg/45px-Flag_of_Paraguay.svg.png
Guianese Creole, Flag of French Guiana, http://upload.wikimedia.org/wikipedia/commons/thumb/2/29/Flag_of_French_Guiana.svg/45px-Flag_of_French_Guiana.svg.png
Guinea-Bissau Creole, Flag of Guinea-Bissau, http://upload.wikimedia.org/wikipedia/commons/thumb/0/01/Flag_of_Guinea-Bissau.svg/45px-Flag_of_Guinea-Bissau.svg.png
Gujarati, Flag of India, http://upload.wikimedia.org/wikipedia/commons/thumb/4/41/Flag_of_India.svg/45px-Flag_of_India.svg.png
Guyanese Creole English, Flag of Guyana, http://upload.wikimedia.org/wikipedia/commons/thumb/9/99/Flag_of_Guyana.svg/45px-Flag_of_Guyana.svg.png
Haitian Creole, Flag of Haiti, http://upload.wikimedia.org/wikipedia/commons/thumb/5/56/Flag_of_Haiti.svg/45px-Flag_of_Haiti.svg.png
Hawaiian, Flag of Hawaii, http://upload.wikimedia.org/wikipedia/commons/thumb/e/ef/Flag_of_Hawaii.svg/45px-Flag_of_Hawaii.svg.png
Hebrew, Flag of Israel, http://upload.wikimedia.org/wikipedia/commons/thumb/d/d4/Flag_of_Israel.svg/45px-Flag_of_Israel.svg.png
Hijazi Arabic, Flag of Hejaz 1917, http://upload.wikimedia.org/wikipedia/commons/thumb/7/77/Flag_of_Hejaz_1917.svg/45px-Flag_of_Hejaz_1917.svg.png
Hindi, Flag of India, http://upload.wikimedia.org/wikipedia/commons/thumb/4/41/Flag_of_India.svg/45px-Flag_of_India.svg.png
Hungarian Sign Language, Flag of Hungary, http://upload.wikimedia.org/wikipedia/commons/thumb/c/c1/Flag_of_Hungary.svg/45px-Flag_of_Hungary.svg.png
Hungarian, Flag of Hungary, http://upload.wikimedia.org/wikipedia/commons/thumb/c/c1/Flag_of_Hungary.svg/45px-Flag_of_Hungary.svg.png
Hunsrik, Bandeira do Rio Grande do Sul, http://upload.wikimedia.org/wikipedia/commons/thumb/6/63/Bandeira_do_Rio_Grande_do_Sul.svg/45px-Bandeira_do_Rio_Grande_do_Sul.svg.png
Icelandic, Flag of Iceland, http://upload.wikimedia.org/wikipedia/commons/thumb/c/ce/Flag_of_Iceland.svg/45px-Flag_of_Iceland.svg.png
Ido, Flag of Ido, http://upload.wikimedia.org/wikipedia/commons/thumb/f/f1/Flag_of_Ido.svg/45px-Flag_of_Ido.svg.png
Inari Sami, Sami flag, http://upload.wikimedia.org/wikipedia/commons/thumb/1/1b/Sami_flag.svg/45px-Sami_flag.svg.png
Indo-Portuguese, Flag of Portugal (1640), http://upload.wikimedia.org/wikipedia/commons/thumb/7/72/Flag_of_Portugal_%281640%29.svg/45px-Flag_of_Portugal_%281640%29.svg.png
Indonesian, Flag of Indonesia, http://upload.wikimedia.org/wikipedia/commons/thumb/9/9f/Flag_of_Indonesia.svg/45px-Flag_of_Indonesia.svg.png
Ingrian, Flag igora, http://upload.wikimedia.org/wikipedia/commons/thumb/2/27/Flag_igora.svg/45px-Flag_igora.svg.png
Ingush, Flag of Ingushetia, http://upload.wikimedia.org/wikipedia/commons/thumb/0/00/Flag_of_Ingushetia.svg/45px-Flag_of_Ingushetia.svg.png
Interlingua, Flag of Interlingua, http://upload.wikimedia.org/wikipedia/commons/thumb/7/7e/Flag_of_Interlingua.svg/45px-Flag_of_Interlingua.svg.png
Interlingue, Flag of Interlingue, http://upload.wikimedia.org/wikipedia/commons/thumb/5/5b/Flag_of_Interlingue.svg/45px-Flag_of_Interlingue.svg.png
Inuktitut, Flag of Nunavut, http://upload.wikimedia.org/wikipedia/commons/thumb/9/90/Flag_of_Nunavut.svg/45px-Flag_of_Nunavut.svg.png
Irish, Flag of Ireland, http://upload.wikimedia.org/wikipedia/commons/thumb/4/45/Flag_of_Ireland.svg/45px-Flag_of_Ireland.svg.png
Istriot, HRV Rovinj flag, http://upload.wikimedia.org/wikipedia/commons/thumb/9/99/HRV_Rovinj_flag.svg/45px-HRV_Rovinj_flag.svg.png
Italian, Flag of Italy, http://upload.wikimedia.org/wikipedia/commons/thumb/0/03/Flag_of_Italy.svg/45px-Flag_of_Italy.svg.png
Jamaican Creole, Flag of Jamaica, http://upload.wikimedia.org/wikipedia/commons/thumb/0/0a/Flag_of_Jamaica.svg/45px-Flag_of_Jamaica.svg.png
Japanese, Flag of Japan, http://upload.wikimedia.org/wikipedia/commons/thumb/9/9e/Flag_of_Japan.svg/45px-Flag_of_Japan.svg.png
Jeju, Flag of Jeju (1969–2009), http://upload.wikimedia.org/wikipedia/commons/thumb/5/51/Flag_of_Jeju_%281969%E2%80%932009%29.svg/45px-Flag_of_Jeju_%281969%E2%80%932009%29.svg.png
Juba Arabic, Flag of South Sudan, http://upload.wikimedia.org/wikipedia/commons/thumb/7/7a/Flag_of_South_Sudan.svg/45px-Flag_of_South_Sudan.svg.png
Kabuverdianu, Flag of Cape Verde, http://upload.wikimedia.org/wikipedia/commons/thumb/3/38/Flag_of_Cape_Verde.svg/45px-Flag_of_Cape_Verde.svg.png
Kalmyk, Flag of Kalmykia, http://upload.wikimedia.org/wikipedia/commons/thumb/9/9f/Flag_of_Kalmykia.svg/45px-Flag_of_Kalmykia.svg.png
Kannada, Flag of the Kannada people, http://upload.wikimedia.org/wikipedia/commons/thumb/3/3f/Flag_of_the_Kannada_people.svg/45px-Flag_of_the_Kannada_people.svg.png
Kanuri, Flag of the Kanuri people, http://upload.wikimedia.org/wikipedia/commons/thumb/9/95/Flag_of_the_Kanuri_people.svg/45px-Flag_of_the_Kanuri_people.svg.png
Karakalpak, Flag of Karakalpakstan, http://upload.wikimedia.org/wikipedia/commons/thumb/1/16/Flag_of_Karakalpakstan.svg/45px-Flag_of_Karakalpakstan.svg.png
Karelian, Flag of Karelia, http://upload.wikimedia.org/wikipedia/commons/thumb/6/69/Flag_of_Karelia.svg/45px-Flag_of_Karelia.svg.png
Kashubian, Provinz Pommern flag, http://upload.wikimedia.org/wikipedia/commons/thumb/6/61/Provinz_Pommern_flag.svg/45px-Provinz_Pommern_flag.svg.png
Kazakh, Flag of Kazakhstan, http://upload.wikimedia.org/wikipedia/commons/thumb/d/d3/Flag_of_Kazakhstan.svg/45px-Flag_of_Kazakhstan.svg.png
Kedah Malay, Flag of Kedah (18th century - 1821), http://upload.wikimedia.org/wikipedia/commons/thumb/6/67/Flag_of_Kedah_%2818th_century_-_1821%29.svg/45px-Flag_of_Kedah_%2818th_century_-_1821%29.svg.png
Kemi Sami, Sami flag, http://upload.wikimedia.org/wikipedia/commons/thumb/1/1b/Sami_flag.svg/45px-Sami_flag.svg.png
Khakas, Flag of Khakassia, http://upload.wikimedia.org/wikipedia/commons/thumb/e/ec/Flag_of_Khakassia.svg/45px-Flag_of_Khakassia.svg.png
Khanty, Flag of Yugra, http://upload.wikimedia.org/wikipedia/commons/thumb/7/70/Flag_of_Yugra.svg/45px-Flag_of_Yugra.svg.png
Khmer, Flag of Cambodia, http://upload.wikimedia.org/wikipedia/commons/thumb/8/83/Flag_of_Cambodia.svg/45px-Flag_of_Cambodia.svg.png
Kildin Sami, Sami flag, http://upload.wikimedia.org/wikipedia/commons/thumb/1/1b/Sami_flag.svg/45px-Sami_flag.svg.png
Koasati, Flag of the Coushatta Tribe of Louisiana, http://upload.wikimedia.org/wikipedia/commons/thumb/e/e6/Flag_of_the_Coushatta_Tribe_of_Louisiana.svg/45px-Flag_of_the_Coushatta_Tribe_of_Louisiana.svg.png
Komi-Permyak, Flag of Permyakia, http://upload.wikimedia.org/wikipedia/commons/thumb/0/02/Flag_of_Permyakia.svg/45px-Flag_of_Permyakia.svg.png
Komi-Zyrian, Flag of Komi, http://upload.wikimedia.org/wikipedia/commons/thumb/5/54/Flag_of_Komi.svg/45px-Flag_of_Komi.svg.png
Korean, Flag of South Korea, http://upload.wikimedia.org/wikipedia/commons/thumb/0/09/Flag_of_South_Korea.svg/45px-Flag_of_South_Korea.svg.png
Koryak, Flag of Koryakia, http://upload.wikimedia.org/wikipedia/commons/thumb/0/0d/Flag_of_Koryakia.svg/45px-Flag_of_Koryakia.svg.png
Krio, Flag of Sierra Leone, http://upload.wikimedia.org/wikipedia/commons/thumb/1/17/Flag_of_Sierra_Leone.svg/45px-Flag_of_Sierra_Leone.svg.png
Kumyk, Flag of Kumyks, http://upload.wikimedia.org/wikipedia/commons/thumb/1/1c/Flag_of_Kumyks.svg/45px-Flag_of_Kumyks.svg.png
Kuna, Flag of Kuna Yala, http://upload.wikimedia.org/wikipedia/commons/thumb/f/fc/Flag_of_Kuna_Yala.svg/45px-Flag_of_Kuna_Yala.svg.png
Kven, Flag of the Kven people, http://upload.wikimedia.org/wikipedia/commons/thumb/6/66/Flag_of_the_Kven_people.svg/45px-Flag_of_the_Kven_people.svg.png
Kyrgyz, Flag of Kyrgyzstan, http://upload.wikimedia.org/wikipedia/commons/thumb/c/c7/Flag_of_Kyrgyzstan.svg/45px-Flag_of_Kyrgyzstan.svg.png
Ladin, Flag of Ladinia, http://upload.wikimedia.org/wikipedia/commons/thumb/6/62/Flag_of_Ladinia.svg/45px-Flag_of_Ladinia.svg.png
Ladino, Ladino Flag, http://upload.wikimedia.org/wikipedia/commons/thumb/b/b7/Ladino_Flag.svg/45px-Ladino_Flag.svg.png
Lahu, Lahu flag, http://upload.wikimedia.org/wikipedia/commons/thumb/1/17/Lahu_flag.svg/45px-Lahu_flag.svg.png
Lao, Flag of Laos, http://upload.wikimedia.org/wikipedia/commons/thumb/5/56/Flag_of_Laos.svg/45px-Flag_of_Laos.svg.png
Latin, Flag of Rome, http://upload.wikimedia.org/wikipedia/commons/thumb/a/a6/Flag_of_Rome.svg/45px-Flag_of_Rome.svg.png
Latvian, Flag of Latvia, http://upload.wikimedia.org/wikipedia/commons/thumb/8/84/Flag_of_Latvia.svg/45px-Flag_of_Latvia.svg.png
Leonese, Bandera de León, http://upload.wikimedia.org/wikipedia/commons/thumb/8/8b/Bandera_de_Le%C3%B3n.svg/45px-Bandera_de_Le%C3%B3n.svg.png
Libyan Arabic, Flag of Libya, http://upload.wikimedia.org/wikipedia/commons/thumb/0/05/Flag_of_Libya.svg/45px-Flag_of_Libya.svg.png
Ligurian, Flag of Liguria, http://upload.wikimedia.org/wikipedia/commons/thumb/8/88/Flag_of_Liguria.svg/45px-Flag_of_Liguria.svg.png
Limbu, Flag of Limbuwan, http://upload.wikimedia.org/wikipedia/commons/thumb/a/a2/Flag_of_Limbuwan.svg/45px-Flag_of_Limbuwan.svg.png
Limburgish, Flag of Limburg (Netherlands), http://upload.wikimedia.org/wikipedia/commons/thumb/d/d1/Flag_of_Limburg_%28Netherlands%29.svg/45px-Flag_of_Limburg_%28Netherlands%29.svg.png
Lingala, Flag of the Democratic Republic of the Congo, http://upload.wikimedia.org/wikipedia/commons/thumb/6/6f/Flag_of_the_Democratic_Republic_of_the_Congo.svg/45px-Flag_of_the_Democratic_Republic_of_the_Congo.svg.png
Lithuanian, Flag of Lithuania, http://upload.wikimedia.org/wikipedia/commons/thumb/1/11/Flag_of_Lithuania.svg/45px-Flag_of_Lithuania.svg.png
Livonian, Flag of the Livonians, http://upload.wikimedia.org/wikipedia/commons/thumb/4/42/Flag_of_the_Livonians.svg/45px-Flag_of_the_Livonians.svg.png
Lojban, Lojban logo, http://upload.wikimedia.org/wikipedia/commons/thumb/4/48/Lojban_logo.svg/45px-Lojban_logo.svg.png
Lombard, Flag of Lombardy, http://upload.wikimedia.org/wikipedia/commons/thumb/e/ea/Flag_of_Lombardy.svg/45px-Flag_of_Lombardy.svg.png
Louisiana Creole French, Flag of Louisiana, http://upload.wikimedia.org/wikipedia/commons/thumb/e/e0/Flag_of_Louisiana.svg/45px-Flag_of_Louisiana.svg.png
Lower Sorbian, Flag of Sorbs, http://upload.wikimedia.org/wikipedia/commons/thumb/c/c0/Flag_of_Sorbs.svg/45px-Flag_of_Sorbs.svg.png
Ludian, Ludic flag, http://upload.wikimedia.org/wikipedia/commons/thumb/6/6c/Ludic_flag.svg/45px-Ludic_flag.svg.png
Lule Sami, Sami flag, http://upload.wikimedia.org/wikipedia/commons/thumb/1/1b/Sami_flag.svg/45px-Sami_flag.svg.png
Luxembourgish, Flag of Luxembourg, http://upload.wikimedia.org/wikipedia/commons/thumb/d/da/Flag_of_Luxembourg.svg/45px-Flag_of_Luxembourg.svg.png
Macedonian, Flag of North Macedonia, http://upload.wikimedia.org/wikipedia/commons/thumb/7/79/Flag_of_North_Macedonia.svg/45px-Flag_of_North_Macedonia.svg.png
Maguindanao, Flag of Maguindanao, http://upload.wikimedia.org/wikipedia/commons/thumb/8/87/Flag_of_Maguindanao.svg/45px-Flag_of_Maguindanao.svg.png
Malagasy, Flag of Madagascar, http://upload.wikimedia.org/wikipedia/commons/thumb/b/bc/Flag_of_Madagascar.svg/45px-Flag_of_Madagascar.svg.png
Malay, Flag of Malaysia, http://upload.wikimedia.org/wikipedia/commons/thumb/6/66/Flag_of_Malaysia.svg/45px-Flag_of_Malaysia.svg.png
Malayalam, Malayali flag, http://upload.wikimedia.org/wikipedia/commons/thumb/7/74/Malayali_flag.svg/45px-Malayali_flag.svg.png
Maltese, Flag of Malta, http://upload.wikimedia.org/wikipedia/commons/thumb/7/73/Flag_of_Malta.svg/45px-Flag_of_Malta.svg.png
Manchu, Flag of China (1862–1889), http://upload.wikimedia.org/wikipedia/commons/thumb/8/86/Flag_of_China_%281862%E2%80%931889%29.svg/45px-Flag_of_China_%281862%E2%80%931889%29.svg.png
Mandarin, Flag of the People's Republic of China, http://upload.wikimedia.org/wikipedia/commons/thumb/f/fa/Flag_of_the_People%27s_Republic_of_China.svg/45px-Flag_of_the_People%27s_Republic_of_China.svg.png
Mansi, Flag of Yugra, http://upload.wikimedia.org/wikipedia/commons/thumb/7/70/Flag_of_Yugra.svg/45px-Flag_of_Yugra.svg.png
Manx, Flag of the Isle of Man, http://upload.wikimedia.org/wikipedia/commons/thumb/b/bc/Flag_of_the_Isle_of_Man.svg/45px-Flag_of_the_Isle_of_Man.svg.png
Maori, Flag of New Zealand, http://upload.wikimedia.org/wikipedia/commons/thumb/3/3e/Flag_of_New_Zealand.svg/45px-Flag_of_New_Zealand.svg.png
Mapudungun, Flag of the Mapuches, http://upload.wikimedia.org/wikipedia/commons/thumb/f/f1/Flag_of_the_Mapuches.svg/45px-Flag_of_the_Mapuches.svg.png
Marathi, Flag of India, http://upload.wikimedia.org/wikipedia/commons/thumb/4/41/Flag_of_India.svg/45px-Flag_of_India.svg.png
Marshallese, Flag of the Marshall Islands, http://upload.wikimedia.org/wikipedia/commons/thumb/2/2e/Flag_of_the_Marshall_Islands.svg/45px-Flag_of_the_Marshall_Islands.svg.png
Mauritian Creole, Flag of Mauritius, http://upload.wikimedia.org/wikipedia/commons/thumb/7/77/Flag_of_Mauritius.svg/45px-Flag_of_Mauritius.svg.png
Megleno-Romanian, Flag of Greek Macedonia, http://upload.wikimedia.org/wikipedia/commons/thumb/1/1a/Flag_of_Greek_Macedonia.svg/45px-Flag_of_Greek_Macedonia.svg.png
Mi'kmaq, Mikmaq State Flag, http://upload.wikimedia.org/wikipedia/commons/thumb/3/3f/Mikmaq_State_Flag.svg/45px-Mikmaq_State_Flag.svg.png
Michif, Metis Blue, http://upload.wikimedia.org/wikipedia/commons/thumb/f/f4/Metis_Blue.svg/45px-Metis_Blue.svg.png
Middle Dutch, Flag of the prince-bishopric of Utrecht, http://upload.wikimedia.org/wikipedia/commons/thumb/3/3c/Flag_of_the_prince-bishopric_of_Utrecht.svg/45px-Flag_of_the_prince-bishopric_of_Utrecht.svg.png
Middle English, Flag of England, http://upload.wikimedia.org/wikipedia/commons/thumb/b/be/Flag_of_England.svg/45px-Flag_of_England.svg.png
Middle French, Royal Flag of France, http://upload.wikimedia.org/wikipedia/commons/thumb/2/27/Royal_Flag_of_France.svg/45px-Royal_Flag_of_France.svg.png
Middle Irish, Flag of Leinster, http://upload.wikimedia.org/wikipedia/commons/thumb/8/8d/Flag_of_Leinster.svg/45px-Flag_of_Leinster.svg.png
Mikasuki, Flag of the Miccosukee Tribe of Indians of Florida, http://upload.wikimedia.org/wikipedia/commons/thumb/3/34/Flag_of_the_Miccosukee_Tribe_of_Indians_of_Florida.svg/45px-Flag_of_the_Miccosukee_Tribe_of_Indians_of_Florida.svg.png
Min Nan, Flag of the Republic of China, http://upload.wikimedia.org/wikipedia/commons/thumb/7/72/Flag_of_the_Republic_of_China.svg/45px-Flag_of_the_Republic_of_China.svg.png
Mirandese, Bandeira-de-Miranda-do-Douro, http://upload.wikimedia.org/wikipedia/commons/thumb/4/41/Bandeira-de-Miranda-do-Douro.png/45px-Bandeira-de-Miranda-do-Douro.png
Miskito, Flag of Nicaragua, http://upload.wikimedia.org/wikipedia/commons/thumb/1/19/Flag_of_Nicaragua.svg/45px-Flag_of_Nicaragua.svg.png
Moksha, Flag of the Moksha people, http://upload.wikimedia.org/wikipedia/commons/thumb/e/e1/Flag_of_the_Moksha_people.svg/45px-Flag_of_the_Moksha_people.svg.png
Mongolian, Flag of Mongolia, http://upload.wikimedia.org/wikipedia/commons/thumb/4/4c/Flag_of_Mongolia.svg/45px-Flag_of_Mongolia.svg.png
Moroccan Arabic, Flag of Morocco, http://upload.wikimedia.org/wikipedia/commons/thumb/2/2c/Flag_of_Morocco.svg/45px-Flag_of_Morocco.svg.png
Muong, Flag of Muong Autonomous Region, http://upload.wikimedia.org/wikipedia/commons/thumb/1/14/Flag_of_Muong_Autonomous_Region.svg/45px-Flag_of_Muong_Autonomous_Region.svg.png
Najdi Arabic, Flag of the Emirate of Ha'il, http://upload.wikimedia.org/wikipedia/commons/thumb/1/17/Flag_of_the_Emirate_of_Ha%27il.svg/45px-Flag_of_the_Emirate_of_Ha%27il.svg.png
Nauruan, Flag of Nauru, http://upload.wikimedia.org/wikipedia/commons/thumb/3/30/Flag_of_Nauru.svg/45px-Flag_of_Nauru.svg.png
Navajo, Navajo flag, http://upload.wikimedia.org/wikipedia/commons/thumb/0/0c/Navajo_flag.svg/45px-Navajo_flag.svg.png
Neapolitan, Flag of Campania, http://upload.wikimedia.org/wikipedia/commons/thumb/7/7c/Flag_of_Campania.png/45px-Flag_of_Campania.png
Nepali, Flag of Nepal, http://upload.wikimedia.org/wikipedia/commons/thumb/9/9b/Flag_of_Nepal.svg/20px-Flag_of_Nepal.svg.png
Nigerian Pidgin, Flag of Nigeria, http://upload.wikimedia.org/wikipedia/commons/thumb/7/79/Flag_of_Nigeria.svg/45px-Flag_of_Nigeria.svg.png
Niuean, Flag of Niue, http://upload.wikimedia.org/wikipedia/commons/thumb/0/01/Flag_of_Niue.svg/45px-Flag_of_Niue.svg.png
Norman, Flag of Normandie, http://upload.wikimedia.org/wikipedia/commons/thumb/4/41/Flag_of_Normandie.svg/45px-Flag_of_Normandie.svg.png
Northern Altai, Flag of Altai Krai, http://upload.wikimedia.org/wikipedia/commons/thumb/4/4b/Flag_of_Altai_Krai.svg/45px-Flag_of_Altai_Krai.svg.png
Northern Kurdish, Flag of Kurdistan, http://upload.wikimedia.org/wikipedia/commons/thumb/3/35/Flag_of_Kurdistan.svg/45px-Flag_of_Kurdistan.svg.png
Northern Sami, Sami flag, http://upload.wikimedia.org/wikipedia/commons/thumb/1/1b/Sami_flag.svg/45px-Sami_flag.svg.png
Norwegian Bokmål, Flag of Norway, http://upload.wikimedia.org/wikipedia/commons/thumb/d/d9/Flag_of_Norway.svg/45px-Flag_of_Norway.svg.png
Norwegian Nynorsk, Flag of Norway, http://upload.wikimedia.org/wikipedia/commons/thumb/d/d9/Flag_of_Norway.svg/45px-Flag_of_Norway.svg.png
Novial, Flag of Novial, http://upload.wikimedia.org/wikipedia/commons/thumb/e/ed/Flag_of_Novial.svg/45px-Flag_of_Novial.svg.png
Occitan, Flag of Occitania (with star), http://upload.wikimedia.org/wikipedia/commons/thumb/6/6d/Flag_of_Occitania_%28with_star%29.svg/45px-Flag_of_Occitania_%28with_star%29.svg.png
Okinawan, Flag of Okinawa Prefecture, http://upload.wikimedia.org/wikipedia/commons/thumb/2/2f/Flag_of_Okinawa_Prefecture.svg/45px-Flag_of_Okinawa_Prefecture.svg.png
Old Armenian, Standard of the Artaxiad dynasty, http://upload.wikimedia.org/wikipedia/commons/thumb/b/b3/Standard_of_the_Artaxiad_dynasty.svg/45px-Standard_of_the_Artaxiad_dynasty.svg.png
Old English, Flag of Wessex, http://upload.wikimedia.org/wikipedia/commons/thumb/e/e0/Flag_of_Wessex.svg/45px-Flag_of_Wessex.svg.png
Old French, Royal Flag of France, http://upload.wikimedia.org/wikipedia/commons/thumb/2/27/Royal_Flag_of_France.svg/45px-Royal_Flag_of_France.svg.png
Old Georgian, Kartli - drosha jvari, http://upload.wikimedia.org/wikipedia/commons/thumb/c/cf/Kartli_-_drosha_jvari.svg/45px-Kartli_-_drosha_jvari.svg.png
Old Irish, Triskele-Symbol1, http://upload.wikimedia.org/wikipedia/commons/thumb/4/42/Triskele-Symbol1.svg/45px-Triskele-Symbol1.svg.png
Old Occitan, Flag of Provence, http://upload.wikimedia.org/wikipedia/commons/thumb/6/6f/Flag_of_Provence.svg/45px-Flag_of_Provence.svg.png
Old Portuguese, PortugueseFlag1143, http://upload.wikimedia.org/wikipedia/commons/thumb/2/25/PortugueseFlag1143.svg/45px-PortugueseFlag1143.svg.png
Omani Arabic, Flag of Oman, http://upload.wikimedia.org/wikipedia/commons/thumb/d/dd/Flag_of_Oman.svg/45px-Flag_of_Oman.svg.png
Ossetian, Flag of North Ossetia, http://upload.wikimedia.org/wikipedia/commons/thumb/1/1c/Flag_of_North_Ossetia.svg/45px-Flag_of_North_Ossetia.svg.png
Ottoman Turkish, Ottoman flag, http://upload.wikimedia.org/wikipedia/commons/thumb/b/b0/Ottoman_flag.svg/45px-Ottoman_flag.svg.png
Papiamentu, Flag of the Netherlands Antilles, http://upload.wikimedia.org/wikipedia/commons/thumb/f/f3/Flag_of_the_Netherlands_Antilles.png/45px-Flag_of_the_Netherlands_Antilles.png
Pashto, Flag of Afghanistan (2013–2021), http://upload.wikimedia.org/wikipedia/commons/thumb/c/cd/Flag_of_Afghanistan_%282013%E2%80%932021%29.svg/45px-Flag_of_Afghanistan_%282013%E2%80%932021%29.svg.png
Pennsylvania German, Flag of Pennsylvania, http://upload.wikimedia.org/wikipedia/commons/thumb/f/f7/Flag_of_Pennsylvania.svg/45px-Flag_of_Pennsylvania.svg.png
Persian, Flag of Iran, http://upload.wikimedia.org/wikipedia/commons/thumb/c/ca/Flag_of_Iran.svg/45px-Flag_of_Iran.svg.png
Phalura, Flag of Khyber Pakhtunkhwa, http://upload.wikimedia.org/wikipedia/commons/thumb/5/54/Flag_of_Khyber_Pakhtunkhwa.svg/45px-Flag_of_Khyber_Pakhtunkhwa.svg.png
Picard, Picardy flag, http://upload.wikimedia.org/wikipedia/commons/thumb/5/50/Picardy_flag.png/45px-Picardy_flag.png
Pichinglis, Flag of Equatorial Guinea, http://upload.wikimedia.org/wikipedia/commons/thumb/3/31/Flag_of_Equatorial_Guinea.svg/45px-Flag_of_Equatorial_Guinea.svg.png
Piedmontese, Flag of Piedmont, http://upload.wikimedia.org/wikipedia/commons/thumb/b/b9/Flag_of_Piedmont.svg/45px-Flag_of_Piedmont.svg.png
Pijin, Flag of the Solomon Islands, http://upload.wikimedia.org/wikipedia/commons/thumb/7/74/Flag_of_the_Solomon_Islands.svg/45px-Flag_of_the_Solomon_Islands.svg.png
Pite Sami, Sami flag, http://upload.wikimedia.org/wikipedia/commons/thumb/1/1b/Sami_flag.svg/45px-Sami_flag.svg.png
Polish, Flag of Poland, http://upload.wikimedia.org/wikipedia/commons/thumb/1/12/Flag_of_Poland.svg/45px-Flag_of_Poland.svg.png
Portuguese, Flag of Portuguese language (PT-BR), http://upload.wikimedia.org/wikipedia/commons/thumb/3/31/Flag_of_Portuguese_language_%28PT-BR%29.svg/45px-Flag_of_Portuguese_language_%28PT-BR%29.svg.png
Quechua, Quechuas flag, http://upload.wikimedia.org/wikipedia/commons/thumb/8/8f/Quechuas_flag.svg/45px-Quechuas_flag.svg.png
Rakhine, Flag of Rakhine, http://upload.wikimedia.org/wikipedia/commons/thumb/f/fd/Flag_of_Rakhine.svg/45px-Flag_of_Rakhine.svg.png
Rapa Nui, Flag of Rapa Nui, Chile, http://upload.wikimedia.org/wikipedia/commons/thumb/d/d8/Flag_of_Rapa_Nui%2C_Chile.svg/45px-Flag_of_Rapa_Nui%2C_Chile.svg.png
Rohingya, Rohingya flag, http://upload.wikimedia.org/wikipedia/commons/thumb/f/f1/Rohingya_flag.png/45px-Rohingya_flag.png
Romagnol, Flag of San Marino, http://upload.wikimedia.org/wikipedia/commons/thumb/b/b1/Flag_of_San_Marino.svg/45px-Flag_of_San_Marino.svg.png
Romani, Flag of the Romani people, http://upload.wikimedia.org/wikipedia/commons/thumb/1/10/Flag_of_the_Romani_people.svg/45px-Flag_of_the_Romani_people.svg.png
Romanian, Flag of Romania, http://upload.wikimedia.org/wikipedia/commons/thumb/7/73/Flag_of_Romania.svg/45px-Flag_of_Romania.svg.png
Romansch, Flag of Canton of Graubünden, http://upload.wikimedia.org/wikipedia/commons/thumb/0/0f/Flag_of_Canton_of_Graub%C3%BCnden.svg/45px-Flag_of_Canton_of_Graub%C3%BCnden.svg.png
Russian, Flag of Russia, http://upload.wikimedia.org/wikipedia/commons/thumb/f/f3/Flag_of_Russia.svg/45px-Flag_of_Russia.svg.png
Rusyn, Flag of Rusyns 2007, http://upload.wikimedia.org/wikipedia/commons/thumb/2/27/Flag_of_Rusyns_2007.svg/45px-Flag_of_Rusyns_2007.svg.png
Samoan, Flag of Samoa, http://upload.wikimedia.org/wikipedia/commons/thumb/3/31/Flag_of_Samoa.svg/45px-Flag_of_Samoa.svg.png
Sardinian, Flag of Sardinia, Italy, http://upload.wikimedia.org/wikipedia/commons/thumb/4/4e/Flag_of_Sardinia%2C_Italy.svg/45px-Flag_of_Sardinia%2C_Italy.svg.png
Saterland Frisian, Saterland flag, http://upload.wikimedia.org/wikipedia/commons/thumb/e/e0/Saterland_flag.svg/45px-Saterland_flag.svg.png
Scots, Flag of Scotland, http://upload.wikimedia.org/wikipedia/commons/thumb/1/10/Flag_of_Scotland.svg/45px-Flag_of_Scotland.svg.png
Scottish Gaelic, Royal Banner of Scotland, http://upload.wikimedia.org/wikipedia/commons/thumb/c/c5/Royal_Banner_of_Scotland.svg/45px-Royal_Banner_of_Scotland.svg.png
Serbo-Croatian, Serbo-Croatian language flag, http://upload.wikimedia.org/wikipedia/commons/thumb/7/77/Serbo-Croatian_language_flag.gif/45px-Serbo-Croatian_language_flag.gif
Seychellois Creole, Flag of Seychelles, http://upload.wikimedia.org/wikipedia/commons/thumb/f/fc/Flag_of_Seychelles.svg/45px-Flag_of_Seychelles.svg.png
Shan, Flag of the Shan State, http://upload.wikimedia.org/wikipedia/commons/thumb/b/b3/Flag_of_the_Shan_State.svg/45px-Flag_of_the_Shan_State.svg.png
Sicilian, Flag of Sicily, http://upload.wikimedia.org/wikipedia/commons/thumb/7/7a/Flag_of_Sicily.svg/45px-Flag_of_Sicily.svg.png
Sikkimese, Flag of Sikkim (1967-1975), http://upload.wikimedia.org/wikipedia/commons/thumb/6/6b/Flag_of_Sikkim_%281967-1975%29.svg/45px-Flag_of_Sikkim_%281967-1975%29.svg.png
Silesian, POL województwo śląskie flag, http://upload.wikimedia.org/wikipedia/commons/thumb/5/5b/POL_wojew%C3%B3dztwo_%C5%9Bl%C4%85skie_flag.svg/45px-POL_wojew%C3%B3dztwo_%C5%9Bl%C4%85skie_flag.svg.png
Sindhi, Flag of Sindh, http://upload.wikimedia.org/wikipedia/commons/thumb/c/c3/Flag_of_Sindh.svg/45px-Flag_of_Sindh.svg.png
Sinhalese, Flag of Sri Lanka, http://upload.wikimedia.org/wikipedia/commons/thumb/1/11/Flag_of_Sri_Lanka.svg/45px-Flag_of_Sri_Lanka.svg.png
Skolt Sami, Sami flag, http://upload.wikimedia.org/wikipedia/commons/thumb/1/1b/Sami_flag.svg/45px-Sami_flag.svg.png
Slovak, Flag of Slovakia, http://upload.wikimedia.org/wikipedia/commons/thumb/e/e6/Flag_of_Slovakia.svg/45px-Flag_of_Slovakia.svg.png
Slovene, Flag of Slovenia, http://upload.wikimedia.org/wikipedia/commons/thumb/f/f0/Flag_of_Slovenia.svg/45px-Flag_of_Slovenia.svg.png
Somali, Flag of Somalia, http://upload.wikimedia.org/wikipedia/commons/thumb/a/a0/Flag_of_Somalia.svg/45px-Flag_of_Somalia.svg.png
Sotho, Flag of Lesotho, http://upload.wikimedia.org/wikipedia/commons/thumb/4/4a/Flag_of_Lesotho.svg/45px-Flag_of_Lesotho.svg.png
South Levantine Arabic, Flag of Palestine, http://upload.wikimedia.org/wikipedia/commons/thumb/0/00/Flag_of_Palestine.svg/45px-Flag_of_Palestine.svg.png
Southern Altai, Flag of Altai Republic, http://upload.wikimedia.org/wikipedia/commons/thumb/f/ff/Flag_of_Altai_Republic.svg/45px-Flag_of_Altai_Republic.svg.png
Southern Kurdish, Flag of Kurdistan, http://upload.wikimedia.org/wikipedia/commons/thumb/3/35/Flag_of_Kurdistan.svg/45px-Flag_of_Kurdistan.svg.png
Southern Sami, Sami flag, http://upload.wikimedia.org/wikipedia/commons/thumb/1/1b/Sami_flag.svg/45px-Sami_flag.svg.png
Spanish, Flag of Spanish language (ES-MX), http://upload.wikimedia.org/wikipedia/commons/thumb/4/49/Flag_of_Spanish_language_%28ES-MX%29.svg/45px-Flag_of_Spanish_language_%28ES-MX%29.svg.png
Sranan Tongo, Flag of Suriname, http://upload.wikimedia.org/wikipedia/commons/thumb/6/60/Flag_of_Suriname.svg/45px-Flag_of_Suriname.svg.png
Sudanese Arabic, Flag of Sudan, http://upload.wikimedia.org/wikipedia/commons/thumb/0/01/Flag_of_Sudan.svg/45px-Flag_of_Sudan.svg.png
Swabian, Flagge Königreich Württemberg, http://upload.wikimedia.org/wikipedia/commons/thumb/1/14/Flagge_K%C3%B6nigreich_W%C3%BCrttemberg.svg/45px-Flagge_K%C3%B6nigreich_W%C3%BCrttemberg.svg.png
Swahili, Flag of Kenya, http://upload.wikimedia.org/wikipedia/commons/thumb/4/49/Flag_of_Kenya.svg/45px-Flag_of_Kenya.svg.png
Swedish, Flag of Sweden, http://upload.wikimedia.org/wikipedia/commons/thumb/4/4c/Flag_of_Sweden.svg/45px-Flag_of_Sweden.svg.png
Tagalog, Flag of the Philippines, http://upload.wikimedia.org/wikipedia/commons/thumb/9/99/Flag_of_the_Philippines.svg/45px-Flag_of_the_Philippines.svg.png
Tahitian, Flag of French Polynesia, http://upload.wikimedia.org/wikipedia/commons/thumb/d/db/Flag_of_French_Polynesia.svg/45px-Flag_of_French_Polynesia.svg.png
Tajik, Flag of Tajikistan, http://upload.wikimedia.org/wikipedia/commons/thumb/d/d0/Flag_of_Tajikistan.svg/45px-Flag_of_Tajikistan.svg.png
Tarantino, Flag of Apulia, http://upload.wikimedia.org/wikipedia/commons/thumb/b/b8/Flag_of_Apulia.svg/45px-Flag_of_Apulia.svg.png
Tatar, Flag of Tatarstan, http://upload.wikimedia.org/wikipedia/commons/thumb/2/28/Flag_of_Tatarstan.svg/45px-Flag_of_Tatarstan.svg.png
Tausug, Late 19th Century Flag of Sulu, http://upload.wikimedia.org/wikipedia/commons/thumb/d/da/Late_19th_Century_Flag_of_Sulu.svg/45px-Late_19th_Century_Flag_of_Sulu.svg.png
Telugu, Flag of India, http://upload.wikimedia.org/wikipedia/commons/thumb/4/41/Flag_of_India.svg/45px-Flag_of_India.svg.png
Ter Sami, Sami flag, http://upload.wikimedia.org/wikipedia/commons/thumb/1/1b/Sami_flag.svg/45px-Sami_flag.svg.png
Tetum, Flag of East Timor, http://upload.wikimedia.org/wikipedia/commons/thumb/2/26/Flag_of_East_Timor.svg/45px-Flag_of_East_Timor.svg.png
Thai, Flag of Thailand, http://upload.wikimedia.org/wikipedia/commons/thumb/a/a9/Flag_of_Thailand.svg/45px-Flag_of_Thailand.svg.png
Tibetan, Flag of Tibet, http://upload.wikimedia.org/wikipedia/commons/thumb/3/3c/Flag_of_Tibet.svg/45px-Flag_of_Tibet.svg.png
Tigrinya, Flag of Eritrea, http://upload.wikimedia.org/wikipedia/commons/thumb/2/29/Flag_of_Eritrea.svg/45px-Flag_of_Eritrea.svg.png
Tok Pisin, Flag of Papua New Guinea, http://upload.wikimedia.org/wikipedia/commons/thumb/e/e3/Flag_of_Papua_New_Guinea.svg/45px-Flag_of_Papua_New_Guinea.svg.png
Tokelauan, Flag of Tokelau, http://upload.wikimedia.org/wikipedia/commons/thumb/8/8e/Flag_of_Tokelau.svg/45px-Flag_of_Tokelau.svg.png
Tongan, Flag of Tonga, http://upload.wikimedia.org/wikipedia/commons/thumb/9/9a/Flag_of_Tonga.svg/45px-Flag_of_Tonga.svg.png
Tourangeau, Flag of Touraine, http://upload.wikimedia.org/wikipedia/commons/thumb/0/0b/Flag_of_Touraine.svg/45px-Flag_of_Touraine.svg.png
Transylvanian Saxon, Flag of Romania, http://upload.wikimedia.org/wikipedia/commons/thumb/7/73/Flag_of_Romania.svg/45px-Flag_of_Romania.svg.png
Tswana, Flag of Botswana, http://upload.wikimedia.org/wikipedia/commons/thumb/f/fa/Flag_of_Botswana.svg/45px-Flag_of_Botswana.svg.png
Tundra Nenets, Flag of Nenets Autonomous District, http://upload.wikimedia.org/wikipedia/commons/thumb/1/15/Flag_of_Nenets_Autonomous_District.svg/45px-Flag_of_Nenets_Autonomous_District.svg.png
Tunisian Arabic, Flag of Tunisia, http://upload.wikimedia.org/wikipedia/commons/thumb/c/ce/Flag_of_Tunisia.svg/45px-Flag_of_Tunisia.svg.png
Turkish, Flag of Turkey, http://upload.wikimedia.org/wikipedia/commons/thumb/b/b4/Flag_of_Turkey.svg/45px-Flag_of_Turkey.svg.png
Turkmen, Flag of Turkmenistan, http://upload.wikimedia.org/wikipedia/commons/thumb/1/1b/Flag_of_Turkmenistan.svg/45px-Flag_of_Turkmenistan.svg.png
Tuvaluan, Flag of Tuvalu, http://upload.wikimedia.org/wikipedia/commons/thumb/3/38/Flag_of_Tuvalu.svg/45px-Flag_of_Tuvalu.svg.png
Tuvan, Flag of Tuva, http://upload.wikimedia.org/wikipedia/commons/thumb/7/77/Flag_of_Tuva.svg/45px-Flag_of_Tuva.svg.png
Udmurt, Flag of Udmurtia, http://upload.wikimedia.org/wikipedia/commons/thumb/c/c7/Flag_of_Udmurtia.svg/45px-Flag_of_Udmurtia.svg.png
Ukrainian, Flag of Ukraine, http://upload.wikimedia.org/wikipedia/commons/thumb/4/49/Flag_of_Ukraine.svg/45px-Flag_of_Ukraine.svg.png
Ume Sami, Sami flag, http://upload.wikimedia.org/wikipedia/commons/thumb/1/1b/Sami_flag.svg/45px-Sami_flag.svg.png
Upper Sorbian, Flag of Sorbs, http://upload.wikimedia.org/wikipedia/commons/thumb/c/c0/Flag_of_Sorbs.svg/45px-Flag_of_Sorbs.svg.png
Urdu, Flag of Pakistan, http://upload.wikimedia.org/wikipedia/commons/thumb/3/32/Flag_of_Pakistan.svg/45px-Flag_of_Pakistan.svg.png
Uyghur, Kokbayraq flag, http://upload.wikimedia.org/wikipedia/commons/thumb/2/2c/Kokbayraq_flag.svg/45px-Kokbayraq_flag.svg.png
Uzbek, Flag of Uzbekistan, http://upload.wikimedia.org/wikipedia/commons/thumb/8/84/Flag_of_Uzbekistan.svg/45px-Flag_of_Uzbekistan.svg.png
Venetian, Flag of Veneto, http://upload.wikimedia.org/wikipedia/commons/thumb/d/d5/Flag_of_Veneto.svg/45px-Flag_of_Veneto.svg.png
Veps, Flag of Vepsia, http://upload.wikimedia.org/wikipedia/commons/thumb/4/45/Flag_of_Vepsia.svg/45px-Flag_of_Vepsia.svg.png
Vietnamese, Flag of Vietnam, http://upload.wikimedia.org/wikipedia/commons/thumb/2/21/Flag_of_Vietnam.svg/45px-Flag_of_Vietnam.svg.png
Volga German, Flag of Volga Germans (version), http://upload.wikimedia.org/wikipedia/commons/thumb/5/55/Flag_of_Volga_Germans_%28version%29.svg/45px-Flag_of_Volga_Germans_%28version%29.svg.png
Votic, Votic Flag, http://upload.wikimedia.org/wikipedia/commons/thumb/d/d1/Votic_Flag.svg/45px-Votic_Flag.svg.png
Võro, Võrumaa lipp, http://upload.wikimedia.org/wikipedia/commons/thumb/c/c1/V%C3%B5rumaa_lipp.svg/45px-V%C3%B5rumaa_lipp.svg.png
Walloon, Flag of Wallonia, http://upload.wikimedia.org/wikipedia/commons/thumb/4/42/Flag_of_Wallonia.svg/45px-Flag_of_Wallonia.svg.png
Welsh, Flag of Wales, http://upload.wikimedia.org/wikipedia/commons/thumb/d/dc/Flag_of_Wales.svg/45px-Flag_of_Wales.svg.png
West Frisian, Frisian flag, http://upload.wikimedia.org/wikipedia/commons/thumb/c/ca/Frisian_flag.svg/45px-Frisian_flag.svg.png
Western Mari, Flag of Gornomariysky rayon, http://upload.wikimedia.org/wikipedia/commons/thumb/2/24/Flag_of_Gornomariysky_rayon.svg/45px-Flag_of_Gornomariysky_rayon.svg.png
Westrobothnian, Västerbottens län vapenflagga, http://upload.wikimedia.org/wikipedia/commons/thumb/8/88/V%C3%A4sterbottens_l%C3%A4n_vapenflagga.svg/45px-V%C3%A4sterbottens_l%C3%A4n_vapenflagga.svg.png
Wolof, Flag of Senegal, http://upload.wikimedia.org/wikipedia/commons/thumb/f/fd/Flag_of_Senegal.svg/45px-Flag_of_Senegal.svg.png
Yakut, Flag of Sakha, http://upload.wikimedia.org/wikipedia/commons/thumb/e/eb/Flag_of_Sakha.svg/45px-Flag_of_Sakha.svg.png
Yola, Flag of Yola, http://upload.wikimedia.org/wikipedia/commons/thumb/4/40/Flag_of_Yola.svg/45px-Flag_of_Yola.svg.png
Yonaguni, Flag of Yonaguni, Okinawa, http://upload.wikimedia.org/wikipedia/commons/thumb/4/45/Flag_of_Yonaguni%2C_Okinawa.svg/45px-Flag_of_Yonaguni%2C_Okinawa.svg.png
Yoruba, Flag of Nigeria, http://upload.wikimedia.org/wikipedia/commons/thumb/7/79/Flag_of_Nigeria.svg/45px-Flag_of_Nigeria.svg.png
Zaniza Zapotec, Flag of Oaxaca, http://upload.wikimedia.org/wikipedia/commons/thumb/b/b2/Flag_of_Oaxaca.svg/45px-Flag_of_Oaxaca.svg.png
Zulu, Flag of the KwaZulu-Natal Province, http://upload.wikimedia.org/wikipedia/commons/thumb/6/60/Flag_of_the_KwaZulu-Natal_Province.png/45px-Flag_of_the_KwaZulu-Natal_Province.png
ǃXóõ, Flag of Botswana, http://upload.wikimedia.org/wikipedia/commons/thumb/f/fa/Flag_of_Botswana.svg/45px-Flag_of_Botswana.svg.png
